Data;Otwarcie;Najwyzszy;Najnizszy;Zamkniecie;Wolumen
2017-09-07;38.3919;38.4298;37.9861;38.1995;92485255.978138
2017-09-08;38.1028;38.1726;37.5584;37.5814;120002214.35704
2017-09-11;38.02;38.3819;37.8715;38.2513;133053678.05584
2017-09-12;38.5205;38.8346;37.6083;38.1028;302302476.24701
2017-09-13;37.8675;37.8894;37.4069;37.8117;189417697.57436
2017-09-14;37.6591;37.7529;37.4498;37.4966;99799751.910629
2017-09-15;37.5435;38.1296;37.4278;37.8695;206224622.39959
2017-09-18;37.9263;38.02;37.4278;37.5913;118879610.58798
2017-09-19;37.7787;37.8415;37.5355;37.6013;86942362.379439
2017-09-20;37.405;37.4926;36.4369;36.9703;220367371.63062
2017-09-21;36.9084;36.9084;36.1847;36.3312;157763227.27606
2017-09-22;36.0072;36.067;35.6672;35.9802;196659029.01814
2017-09-25;35.5297;35.9653;35.3322;35.6642;187310268.0106
2017-09-26;35.9534;36.4558;35.9304;36.2803;154623629.95361
2017-09-27;36.4289;36.6482;36.3651;36.5316;107244502.94086
2017-09-28;36.4478;36.5446;36.1727;36.3093;92810378.656216
2017-09-29;36.2973;36.5066;36.0032;36.5046;110882290.22838
2017-10-02;36.5386;36.5864;36.1777;36.4309;78872083.156422
2017-10-03;36.4767;36.736;36.4528;36.5884;68471936.951133
2017-10-04;36.387;36.4408;36.1139;36.3501;84922845.151694
2017-10-05;36.5186;36.8217;36.4867;36.8087;89775206.885441
2017-10-06;36.708;36.8317;36.6114;36.7858;73396785.111647
2017-10-09;36.9114;37.1208;36.8317;36.9184;68575851.950258
2017-10-10;36.9673;37.4278;36.738;36.9333;65873890.451436
2017-10-11;36.9503;37.1796;36.8955;37.0799;71268342.648959
2017-10-12;37.0311;37.2773;36.8915;36.9543;69155558.803162
2017-10-13;37.1208;37.2554;37.046;37.1826;69124710.996879
2017-10-16;37.405;37.8984;37.347;37.8695;101726034.61793
2017-10-17;37.8445;38.1048;37.7159;38.013;80094917.721163
2017-10-18;38.0001;38.0679;37.8007;37.8396;68629112.913574
2017-10-19;37.1257;37.2055;36.721;36.9523;178943004.67716
2017-10-20;37.0949;37.369;36.9473;37.0061;100946997.61429
2017-10-23;37.1597;37.357;36.8337;36.9911;92708273.159678
2017-10-24;37.0161;37.2892;36.9961;37.2095;74463120.772843
2017-10-25;37.1656;37.3222;36.7788;37.046;89404287.94374
2017-10-26;37.2424;37.387;37.1327;37.2872;71484273.280736
2017-10-27;37.7309;38.7518;37.5953;38.6302;187447851.39321
2017-10-30;38.8196;39.8126;38.7807;39.4906;188711660.5592
2017-10-31;39.7717;40.1824;39.5404;40.0449;152177608.75349
2017-11-01;40.2373;40.2542;39.2313;39.5274;142007351.62676
2017-11-02;39.7089;39.9133;39.1506;39.8225;174748928.75009
2017-11-03;41.2173;41.2801;40.5324;40.8584;250761084.04168
2017-11-06;40.8265;41.4495;40.6789;41.2771;146813553.99271
2017-11-07;41.1954;41.4815;41.1954;41.4057;102744284.05187
2017-11-08;41.3738;41.7476;41.297;41.7476;102854871.34101
2017-11-09;41.4775;41.7158;41.0119;41.6629;124232189.45127
2017-11-10;41.628;41.6958;41.4277;41.5213;105712491.1873
2017-11-13;41.2472;41.4795;41.2222;41.3599;71338315.43189
2017-11-14;41.1396;41.2422;40.6959;40.7317;103870226.97508
2017-11-15;40.4038;40.4855;40.0319;40.1924;121988892.72382
2017-11-16;40.6959;40.8564;40.4815;40.6789;99297735.309004
2017-11-17;40.6629;40.7447;40.331;40.4486;92066152.510255
2017-11-20;40.4786;40.5443;40.311;40.4058;67480403.75965
2017-11-21;40.5992;41.294;40.5992;41.1614;105377060.16217
2017-11-22;41.2133;41.6001;41.1426;41.5901;107526027.03834
2017-11-24;41.626;41.7227;41.5173;41.5931;59003792.907125
2017-11-27;41.6131;41.6201;41.2083;41.3838;86624953.157508
2017-11-28;41.4346;41.5682;40.8534;41.1455;111067137.33707
2017-11-29;41.0378;41.1096;39.7388;40.2911;174467715.59818
2017-11-30;40.5134;40.9202;40.0479;40.8504;174531029.13075
2017-12-01;40.3988;40.8085;40.0618;40.6659;167150608.72598
2017-12-04;41.002;41.0358;40.328;40.3678;136772521.83115
2017-12-05;40.1874;40.7737;40.0379;40.331;114908536.7967
2017-12-06;39.8205;40.4586;39.5654;40.1854;119467715.98033
2017-12-07;40.1794;40.5154;40.1525;40.2512;107924538.88838
2017-12-08;40.5284;40.653;40.1296;40.2642;97993420.969276
2017-12-11;40.2223;41.1026;40.1226;41.0478;144143047.14555
2017-12-12;40.9232;40.979;40.7587;40.8135;81577479.099176
2017-12-13;41.0069;41.2572;40.8863;40.9531;98447678.33801
2017-12-14;40.982;41.1584;40.8035;40.9401;85993839.981134
2017-12-15;41.2771;41.4027;40.997;41.3599;168810704.97663
2017-12-18;41.5702;42.1195;41.5662;41.941;123621206.48964
2017-12-19;41.6081;41.6978;41.3838;41.4875;115235730.77346
2017-12-20;41.5682;41.7058;41.1884;41.4475;98672556.177696
2017-12-21;41.4027;41.8464;41.3867;41.6031;87710524.312657
2017-12-22;41.5243;41.7058;41.4795;41.6031;68738276.874467
2017-12-26;40.6031;40.7607;40.341;40.5473;139425973.81552
2017-12-27;40.4356;40.5992;40.348;40.5543;90357585.864114
2017-12-28;40.653;40.8504;40.5254;40.6729;69230949.060299
2017-12-29;40.5344;40.5523;40.2273;40.2293;109142442.45827
2018-01-02;40.4516;40.9591;40.2373;40.9501;107348246.41841
2018-01-03;41.0149;41.4915;40.8763;40.9431;123952741.66774
2018-01-04;41.0169;41.2402;40.9062;41.1366;94011555.360735
2018-01-05;41.2322;41.6928;41.1426;41.6001;99259454.900635
2018-01-08;41.4475;41.7476;41.3499;41.4575;86361811.961306
2018-01-09;41.4915;41.6161;41.2242;41.4416;90580286.081787
2018-01-10;41.1654;41.4346;41.1296;41.4317;100700120.87731
2018-01-11;41.5015;41.7198;41.4795;41.6699;78467926.139779
2018-01-12;41.8842;42.1594;41.7576;42.0926;106563652.51658
2018-01-16;42.289;42.646;41.8742;41.8862;124167737.45671
2018-01-17;41.8762;42.614;41.6181;42.5772;144154862.07402
2018-01-18;42.642;42.8154;42.3757;42.616;130783694.1744
2018-01-19;42.4615;42.6908;42.1693;42.4266;132420983.06928
2018-01-22;42.1445;42.2611;41.983;42.0767;113842027.60781
2018-01-23;42.1445;42.6588;42.0328;42.0856;136884010.86244
2018-01-24;42.1315;42.1445;41.1754;41.4147;216126289.76136
2018-01-25;41.4815;41.5881;40.5374;40.6809;174354106.11874
2018-01-26;40.8863;40.8863;40.4257;40.7707;164439547.55562
2018-01-29;40.4516;40.4516;39.7158;39.9292;212719136.81871
2018-01-30;39.3519;39.7886;39.1526;39.693;192256126.0609
2018-01-31;39.667;40.0479;39.5753;39.8036;135760435.13773
2018-02-01;39.7418;40.0887;39.64;39.8833;193180852.09594
2018-02-02;39.4636;39.65;38.0599;38.1546;361685318.82087
2018-02-05;37.8177;38.9522;37.0819;37.1975;303899830.70371
2018-02-06;36.8087;38.9163;36.6084;38.7568;287070610.07833
2018-02-07;38.7678;38.8426;37.8097;37.9163;216565561.5599
2018-02-08;38.1048;38.2713;36.8616;36.8855;227920902.45352
2018-02-09;37.4966;37.6861;35.8616;37.3372;295776972.59153
2018-02-12;37.8296;39.1177;37.5983;38.8346;254638155.97912
2018-02-13;38.6621;39.3281;38.5903;39.2293;136092774.7621
2018-02-14;38.9143;39.9921;38.8794;39.9511;169604974.30082
2018-02-15;40.5254;41.32;40.344;41.294;213311730.86077
2018-02-16;41.1435;41.7287;40.999;41.1584;168085463.56207
2018-02-20;41.0668;41.5931;40.9162;41.0189;142000131.67132
2018-02-21;41.2542;41.5583;40.8165;40.8305;156625994.01964
2018-02-22;41.0069;41.5193;40.985;41.1754;129685333.12597
2018-02-23;41.4515;41.9281;41.4217;41.8942;141538737.60031
2018-02-26;42.0926;42.8204;42.0597;42.7197;158616906.26137
2018-02-27;42.7486;43.0836;42.5312;42.5832;163087877.20919
2018-02-28;42.7885;43.1125;42.5044;42.5213;158286813.46949
2018-03-01;42.619;42.9091;41.2133;41.7736;204453970.95741
2018-03-02;41.2472;42.0807;41.1634;42.0597;161101345.28773
2018-03-05;41.8244;42.4266;41.6579;42.2013;118986423.39918
2018-03-06;42.4685;42.5512;42.0408;42.1644;99661031.069077
2018-03-07;41.7576;41.975;41.5961;41.7806;132820429.76211
2018-03-08;41.8892;42.2771;41.7906;42.2311;99600700.607854
2018-03-09;42.4814;42.9639;42.3399;42.9589;134838493.5701
2018-03-12;43.0367;43.5352;43.0167;43.3737;134930328.8355
2018-03-13;43.5821;43.8034;42.7825;42.9569;132778820.23009
2018-03-14;43.0437;43.0895;42.4445;42.594;123037597.7714
2018-03-15;42.609;43.0237;42.5084;42.644;95284264.591268
2018-03-16;42.644;42.7526;42.3977;42.4964;165084430.60534
2018-03-19;42.3229;42.3598;41.4515;41.8444;140123964.36186
2018-03-20;41.8324;42.1973;41.7576;41.8324;82320191.642364
2018-03-21;41.7836;41.7955;40.8763;40.8783;155240221.97203
2018-03-22;40.5762;41.2173;40.2442;40.306;173823977.02877
2018-03-23;40.1924;40.5573;39.3749;39.3749;171888511.39676
2018-03-26;40.1157;41.322;39.7288;41.2402;157277556.38072
2018-03-27;41.4545;41.8094;39.8405;40.1794;171443564.34011
2018-03-28;39.9213;40.5812;39.4317;39.7388;174568760.87065
2018-03-29;40.0578;40.995;39.8345;40.0519;160869057.91612
2018-04-02;40.0767;40.328;39.2603;39.7856;157468408.75105
2018-04-03;40.0179;40.2812;39.3599;40.1924;126848702.10541
2018-04-04;39.3599;41.0568;39.3321;40.962;144978368.30584
2018-04-05;41.1954;41.5861;41.0748;41.2472;112835588.0871
2018-04-06;40.8085;41.1714;40.1475;40.1894;146653317.72406
2018-04-09;40.5473;41.32;40.5374;40.5892;121568603.65059
2018-04-10;41.297;41.5283;40.9431;41.3569;119715772.30436
2018-04-11;41.1126;41.5113;40.982;41.1614;93976494.743554
2018-04-12;41.3907;41.7736;41.307;41.5633;95893776.078233
2018-04-13;41.7198;41.973;41.4945;41.7098;105257102.37792
2018-04-16;41.7806;42.0537;41.7307;41.968;90401957.796433
2018-04-17;42.1215;42.7127;42.1016;42.5482;111462470.52099
2018-04-18;42.4445;42.6828;42.2173;42.4515;86950336.628641
2018-04-19;41.7606;41.8663;41.2133;41.2472;145830133.47135
2018-04-20;40.7227;40.8663;39.4856;39.5554;274372606.2292
2018-04-23;39.8225;39.8405;39.1675;39.4447;152980187.34565
2018-04-24;39.5434;39.7019;38.4837;38.8864;141151404.74491
2018-04-25;38.8146;39.4836;38.7658;39.0609;118905644.75628
2018-04-26;39.1735;39.5574;38.992;39.1995;117149970.85989
2018-04-27;39.1446;39.2263;38.3401;38.7468;149378767.64975
2018-04-30;38.7059;39.9233;38.6381;39.4487;177748052.90227
2018-05-01;39.7218;40.3858;39.4517;40.3658;224426836.21286
2018-05-02;41.8264;42.4286;41.4815;42.1415;278764131.58785
2018-05-03;41.983;42.3678;41.638;42.2193;142727332.04295
2018-05-04;42.5512;43.9778;42.5342;43.8821;235453247.85284
2018-05-07;44.2012;44.7954;44.0974;44.1962;177848592.63743
2018-05-08;44.1534;44.4505;43.8423;44.4115;118992344.40459
2018-05-09;44.5281;44.7286;44.2112;44.7196;97242599.768158
2018-05-10;44.8133;45.4394;44.7914;45.3587;117260043.58428
2018-05-11;45.4025;45.5411;44.918;45.1891;109393252.15514
2018-05-14;45.2899;45.4125;45.0127;45.0825;86717476.515351
2018-05-15;44.7535;44.8252;44.3557;44.6707;98888626.233454
2018-05-16;44.586;45.1593;44.5681;45.0905;80057991.430583
2018-05-17;45.0456;45.2679;44.6538;44.8054;72174360.794444
2018-05-18;44.8552;45.0008;44.5999;44.6418;76363160.677392
2018-05-21;45.0456;45.3487;44.7854;44.9598;76793261.587822
2018-05-22;45.1393;45.2599;44.7535;44.8482;63605076.126544
2018-05-23;44.6508;45.1673;44.5103;45.1343;83711158.487032
2018-05-24;45.2331;45.2499;44.6179;45.0825;96963940.382095
2018-05-25;45.1024;45.4424;44.9628;45.1871;72871033.332807
2018-05-29;44.9519;45.2291;44.7754;45.0207;93959533.164435
2018-05-30;44.9808;45.0456;44.7535;44.928;78002539.92892
2018-05-31;44.8632;45.1024;44.6029;44.7754;114695823.95
2018-06-01;45.0426;45.591;44.9888;45.585;97834228.875906
2018-06-04;45.9209;46.3456;45.8511;45.9667;109618425.89463
2018-06-05;46.2589;46.4722;46.0874;46.3188;90002712.716688
2018-06-06;46.3974;46.5052;45.9877;46.4812;87363709.670651
2018-06-07;46.5201;46.5351;46.0805;46.3556;89089647.140399
2018-06-08;45.8103;46.0057;45.4723;45.9369;111248648.30076
2018-06-11;45.8511;45.9977;45.578;45.8212;76407947.8725
2018-06-12;45.8611;46.1463;45.8053;46.0675;70576422.56251
2018-06-13;46.1004;46.214;45.6328;45.6976;90304991.929192
2018-06-14;45.901;45.9069;45.581;45.7216;90186799.51332
2018-06-15;45.5341;45.565;45.1104;45.2499;257576800.21559
2018-06-18;45.0157;45.3367;44.8582;45.2271;77144158.6442
2018-06-19;44.3627;44.6458;43.9579;44.4933;140135266.73168
2018-06-20;44.6508;44.8582;44.5033;44.6857;86091168.952553
2018-06-21;44.8712;45.1313;44.3158;44.4415;107305232.61607
2018-06-22;44.5979;44.6059;44.256;44.3108;113517484.69276
2018-06-25;43.946;44.3108;43.303;43.6499;132141766.99035
2018-06-26;43.8493;44.6937;43.7415;44.1912;102536326.66624
2018-06-27;44.3856;44.8782;44.0945;44.1244;105524996.02604
2018-06-28;44.1104;44.6179;44.0396;44.4505;72471518.432554
2018-06-29;44.6369;44.8552;43.8293;44.3557;94892653.726703
2018-07-02;44.0446;44.8831;43.9509;44.8532;73999427.710745
2018-07-03;44.9988;45.0326;43.9778;44.0676;58238545.837829
2018-07-05;44.3916;44.6658;44.1534;44.4275;69295654.826557
2018-07-06;44.4315;45.1543;44.3787;45.0386;72972376.511183
2018-07-09;45.4045;45.6926;45.3567;45.6677;82451714.59558
2018-07-10;45.7006;45.8342;45.571;45.6108;66519938.042446
2018-07-11;45.1673;45.4743;44.9539;45.0157;78590669.394471
2018-07-12;45.4125;45.8671;45.3587;45.7794;75292286.213978
2018-07-13;45.7913;45.9687;45.7465;45.8471;52249703.135319
2018-07-16;45.894;46.1562;45.6278;45.7494;62780446.478476
2018-07-17;45.4663;45.9767;45.3317;45.8771;64831292.976607
2018-07-18;45.9539;45.9589;45.5092;45.6228;68415620.696867
2018-07-19;45.4524;46.1323;45.4524;45.9787;84664091.297129
2018-07-20;45.9539;46.1034;45.568;45.8741;86413942.48703
2018-07-23;45.6926;45.9957;45.4195;45.9169;66729510.338917
2018-07-24;46.1063;46.4044;46.0177;46.244;78033224.238018
2018-07-25;46.2589;46.6876;46.1034;46.6797;70223118.185618
2018-07-26;46.6317;46.9568;46.3934;46.538;79611029.246056
2018-07-27;46.7205;46.7703;45.551;45.7664;100260887.19468
2018-07-30;45.9827;46.0485;45.3019;45.5042;87763998.925669
2018-07-31;45.598;46.0365;45.3656;45.595;164318201.54988
2018-08-01;47.7164;48.3435;47.2748;48.2857;283520777.25493
2018-08-02;48.0624;49.9317;48.0096;49.6945;260434938.63884
2018-08-03;49.6057;50.0174;49.2358;49.838;139588311.47436
2018-08-06;49.841;50.139;49.6157;50.0982;106109505.48337
2018-08-07;50.157;50.1969;49.5429;49.6247;106785590.41609
2018-08-08;49.3724;49.7961;49.0055;49.6585;94007158.991647
2018-08-09;49.6665;50.2637;49.6465;50.0514;98043390.924839
2018-08-10;49.8639;50.2766;49.6945;49.9038;102352656.13545
2018-08-13;49.9437;50.7233;49.9437;50.2188;107674559.71709
2018-08-14;50.5309;50.6296;50.0782;50.4371;86286476.87193
2018-08-15;50.3065;50.6734;50.0952;50.5528;119804414.86092
2018-08-16;50.9177;51.4102;50.8498;51.2925;118526842.84296
2018-08-17;51.3225;52.4052;51.2557;52.3154;147333205.22015
2018-08-20;52.441;52.7033;51.7242;51.807;125959962.50291
2018-08-21;52.132;52.2267;51.461;51.7073;108792747.05605
2018-08-22;51.481;52.0253;51.4172;51.7093;79092284.77601
2018-08-23;51.6126;52.1938;51.6006;51.8139;78531234.657088
2018-08-24;52.0851;52.1569;51.7242;51.9775;76839161.165616
2018-08-27;52.2167;52.5995;52.0183;52.4022;85359512.028825
2018-08-28;52.6613;53.0282;52.6425;52.8269;94723633.747336
2018-08-29;52.9336;53.7391;52.7561;53.6135;113346825.72934
2018-08-30;53.6793;54.8895;53.4749;54.1079;202922942.19305
2018-08-31;54.4639;55.0341;54.3373;54.734;180242226.53096
2018-09-04;54.9265;55.1049;54.4938;54.9145;113909619.14953
2018-09-05;55.0641;55.2266;54.1249;54.5516;138624562.77381
2018-09-06;54.3941;54.6662;53.2147;53.6434;142604579.76081
2018-09-07;53.3463;54.1917;53.0702;53.2147;156452638.85725
2018-09-10;53.13;53.3463;52.0533;52.4989;164340357.92606
2018-09-11;52.4191;53.9404;52.0751;53.8288;148672548.07945
2018-09-12;54.088;54.1039;52.8598;53.1598;204939599.72464
2018-09-13;53.746;54.9125;53.5157;54.44;173447785.05209
2018-09-14;54.2835;54.5436;53.5038;53.8258;133078108.34685
2018-09-17;53.4151;53.6065;52.2426;52.3882;154686496.12577
2018-09-18;52.3682;53.3463;52.2118;52.4769;131299912.964
2018-09-19;52.5407;52.8079;51.7691;52.5088;112802145.38992
2018-09-20;52.9565;53.4449;52.6953;52.9036;110660208.89269
2018-09-21;53.088;53.2296;52.2486;52.3354;400269366.53812
2018-09-24;52.137;53.2047;52.0931;53.09;115170671.93353
2018-09-25;52.8369;53.5766;52.8269;53.4251;102116345.52941
2018-09-26;53.1419;53.8028;52.8398;53.0004;99747195.088564
2018-09-27;53.8208;54.4469;53.751;54.091;125517186.04692
2018-09-28;54.0511;54.3033;53.8706;54.2815;95358252.584207
2018-10-01;54.8138;55.1637;54.424;54.6434;98150620.001871
2018-10-02;54.6404;55.3034;54.4938;55.1308;103088625.17204
2018-10-03;55.3162;56.1398;55.2534;55.8038;119169101.9133
2018-10-04;55.4917;55.8716;54.5197;54.8238;133255737.5062
2018-10-05;54.8158;54.9265;53.0382;53.9385;139653865.8211
2018-10-08;53.4301;54.0541;52.9465;53.8088;123365828.9021
2018-10-09;53.776;54.6463;53.4351;54.5516;111833962.20436
2018-10-10;54.2137;54.424;51.9515;52.0253;174629610.91188
2018-10-11;51.5806;52.779;51.0573;51.5628;220932838.17963
2018-10-12;53.0004;53.5915;52.142;53.4051;167756383.8509
2018-10-15;53.1818;53.3423;52.2426;52.2656;128053127.68957
2018-10-16;52.6455;53.6165;52.122;53.4151;121369774.0219
2018-10-17;53.4499;53.5327;52.7421;53.1898;95175409.56984
2018-10-18;52.3822;52.8339;51.2167;51.9445;135498632.01051
2018-10-19;52.431;53.2047;52.2806;52.7351;137567257.5737
2018-10-22;52.8468;53.7062;52.6474;53.0552;119740033.07989
2018-10-23;51.8977;53.6793;51.6256;53.5537;161227074.62291
2018-10-24;53.5237;53.9226;51.5856;51.7192;170198885.34781
2018-10-25;52.3484;53.2346;52.12;52.8498;124163668.082
2018-10-26;51.9147;52.9435;51.138;52.0123;196537345.98753
2018-10-29;52.7053;52.8239;49.5558;51.0373;191035879.36572
2018-10-30;50.7722;51.7392;50.3185;51.2895;152460948.37185
2018-10-31;52.1519;53.0083;52.0911;52.6275;159526491.25342
2018-11-01;52.6713;53.4649;52.134;53.4331;242553471.19556
2018-11-02;50.3883;51.3723;49.3974;49.8928;379816080.35214
2018-11-05;49.1271;49.1471;47.6546;48.4762;275160359.73919
2018-11-06;48.5529;49.2258;48.502;48.9955;132593992.17935
2018-11-07;49.5269;50.5079;49.0853;50.4821;139004979.59798
2018-11-08;50.6655;50.6994;49.8898;50.3065;105110956.95869
2018-11-09;49.5957;49.7083;48.8001;49.3396;142422773.90036
2018-11-12;48.0185;48.2239;46.7603;46.8531;211922105.09423
2018-11-13;46.236;47.5799;46.1921;46.3856;194298036.38468
2018-11-14;46.7873;46.9269;44.8652;45.0725;251978810.07168
2018-11-15;45.4564;46.3217;45.0985;46.1821;192623168.21352
2018-11-16;45.9667;47.0485;45.7196;46.6965;153042614.18183
2018-11-19;45.8471;46.0157;44.6369;44.8482;173733646.33869
2018-11-20;43.0407;43.7905;42.3479;42.7048;281089747.64332
2018-11-21;43.3658;43.4953;42.604;42.6588;128988785.96888
2018-11-23;42.2093;42.614;41.5263;41.5702;97905378.236738
2018-11-26;42.0428;42.2113;41.0826;42.1295;186488412.79943
2018-11-27;41.3838;42.1674;41.2322;42.0428;171522665.88303
2018-11-28;42.646;43.7475;42.2073;43.6599;190898048.2297
2018-11-29;44.0726;44.1044;42.8782;43.3228;173108344.83525
2018-11-30;43.5003;43.5103;42.7167;43.0895;163831516.57077
2018-12-03;44.5083;44.6249;43.7277;44.596;169080103.20007
2018-12-04;43.6619;44.0108;42.5362;42.639;171344066.77412
2018-12-06;41.4445;42.1693;41.1226;42.1544;178613738.39865
2018-12-07;41.8644;42.0976;40.6091;40.656;175228741.83217
2018-12-10;39.8146;41.0408;39.4128;40.9232;257055759.7636
2018-12-11;41.4197;41.4515;40.2981;40.6909;195950499.4232
2018-12-12;41.1166;41.4815;40.7836;40.8035;147652593.46015
2018-12-13;41.1396;41.64;40.9102;41.2502;132194901.56933
2018-12-14;40.7787;40.7985;39.8793;39.9292;168689329.88244
2018-12-17;39.9213;40.6211;39.2683;39.5574;183543465.39541
2018-12-18;39.9033;40.4217;39.665;40.0737;140250184.1886
2018-12-19;40.0578;40.4018;38.3869;38.8196;203267850.0366
2018-12-20;38.7079;39.1147;37.4767;37.8396;268440076.77181
2018-12-21;37.8475;38.1626;36.1059;36.3681;396795663.21987
2018-12-24;35.747;36.5664;35.3721;35.4309;154041306.14269
2018-12-26;35.7828;37.9363;35.404;37.9233;242784995.24596
2018-12-27;37.6033;37.8247;36.2145;37.6761;220134285.83103
2018-12-28;38.0031;38.2454;37.2922;37.6961;175269324.24079
2018-12-31;38.2484;38.4537;37.7529;38.0629;145065676.80563
2019-01-02;37.377;38.3281;37.2125;38.1048;153504636.16227
2019-01-03;34.7431;35.1588;34.2635;34.3094;378427242.98308
2019-01-04;34.8746;35.8446;34.6991;35.7729;242886638.33635
2019-01-07;35.8786;35.9104;35.2046;35.6911;227016761.01498
2019-01-08;36.0899;36.6342;35.8367;36.3711;170022160.93975
2019-01-09;36.5016;37.2872;36.1059;36.9911;186905169.12981
2019-01-10;36.7988;37.1477;36.399;37.1098;148286657.61026
2019-01-11;36.8915;37.0849;36.5565;36.7479;111993038.94696
2019-01-14;36.397;36.4967;36.0052;36.1976;134438472.12949
2019-01-15;36.2623;37.0091;36.2105;36.9383;118984862.65304
2019-01-16;36.9413;37.6133;36.9214;37.389;126690743.76381
2019-01-17;37.2055;38.043;36.9802;37.6083;123588530.12281
2019-01-18;38.0031;38.0958;37.6352;37.8376;139875145.71967
2019-01-22;37.7389;37.8147;36.8287;36.9891;125962433.01558
2019-01-23;37.1926;37.4378;36.6044;37.1357;95860558.064294
2019-01-24;37.1826;37.2753;36.6144;36.8456;105438003.48708
2019-01-25;37.5216;38.1546;37.2354;38.0679;139033312.75738
2019-01-28;37.5933;37.7209;37.0749;37.7129;108548351.86529
2019-01-29;37.701;38.1546;37.1826;37.3252;172350960.67659
2019-01-30;39.3939;40.0927;38.6671;39.8714;253258672.05329
2019-01-31;40.0837;40.7787;39.7059;40.1625;168838270.80261
2019-02-01;40.2881;40.7737;40.0399;40.1794;135387323.52826
2019-02-04;40.3938;41.4177;40.3658;41.3239;130527864.2112
2019-02-05;41.7128;42.2441;41.5861;42.0278;149616807.51435
2019-02-06;42.1375;42.3628;41.7098;42.0428;117033997.1911
2019-02-07;41.5981;41.973;41.1026;41.2472;131547814.8183
2019-02-08;40.9501;41.3599;40.8105;41.297;98296065.292057
2019-02-11;41.4495;41.4875;41.0149;41.0568;86631992.56391
2019-02-12;41.2202;41.4376;41.1246;41.4107;91955742.760995
2019-02-13;41.5303;41.7975;41.1784;41.2402;92808754.71792
2019-02-14;41.1266;41.5015;41.0458;41.3897;90107938.702442
2019-02-15;41.4975;41.6081;41.1366;41.3;101625620.26406
2019-02-19;41.1266;41.5433;41.0728;41.4197;78293733.430458
2019-02-20;41.4815;42.0029;41.4346;41.6898;107764168.21101
2019-02-21;41.633;41.7706;41.2701;41.4515;71182919.88358
2019-02-22;41.5781;41.9232;41.5283;41.9152;78047492.627313
2019-02-25;42.2013;42.622;42.1495;42.2193;90263140.662061
2019-02-26;42.0926;42.4814;41.965;42.2441;70442355.873951
2019-02-27;41.975;42.4077;41.8594;42.3757;114866210.08376
2019-02-28;42.2411;42.3857;41.9032;41.961;116434432.95311
2019-03-01;42.2311;42.4445;41.8952;42.3997;106822499.65482
2019-03-04;42.5772;43.0766;42.1544;42.616;113218913.75689
2019-03-05;42.639;42.6519;42.294;42.5382;81448923.168494
2019-03-06;42.3259;42.5283;42.1475;42.289;85876649.612427
2019-03-07;42.1295;42.2711;41.6878;41.8035;102325333.04761
2019-03-08;41.2741;41.941;41.0748;41.9012;99036351.456777
2019-03-11;42.5283;43.4016;42.4944;43.3528;132097527.46066
2019-03-12;43.6199;44.266;43.4634;43.8423;133981542.63498
2019-03-13;44.1613;44.4215;43.8453;44.0337;128059578.30549
2019-03-14;44.5631;44.6129;44.239;44.5232;97303784.828165
2019-03-15;44.7934;45.3925;44.5261;45.1024;161115451.18289
2019-03-18;45.0227;45.6548;45.0207;45.563;108199411.75988
2019-03-19;45.6448;45.8013;45.0526;45.2011;130592692.34959
2019-03-20;45.1293;45.9209;44.7634;45.598;128070753.28793
2019-03-21;46.0445;47.5769;45.9957;47.2728;210599149.06627
2019-03-22;47.3346;47.9038;46.229;46.2958;175000526.84443
2019-03-25;46.4104;46.5221;45.2191;45.7415;180933074.35672
2019-03-26;46.4474;46.7405;44.7266;45.2659;205508132.59815
2019-03-27;45.7435;45.9827;45.2071;45.6747;123173259.3098
2019-03-28;45.7933;45.9369;45.4424;45.7365;85752757.86524
2019-03-29;45.9997;46.0575;45.6926;46.0286;97239623.718173
2019-04-01;46.4404;46.4503;45.6528;46.3436;114975865.53926
2019-04-02;46.3058;47.1232;46.2958;47.0186;93945632.894568
2019-04-03;46.8331;47.6197;46.8073;47.3376;96034112.833679
2019-04-04;47.202;47.5869;46.8053;47.4183;78877440.447615
2019-04-05;47.6068;47.7623;47.4781;47.7394;76452507.375208
2019-04-08;47.5998;48.525;47.5799;48.4941;106804046.54002
2019-04-09;48.543;49.1571;48.2807;48.3455;147602091.88797
2019-04-10;48.1451;48.6446;48.0255;48.6148;89528317.108806
2019-04-11;48.6706;48.7054;48.0873;48.2109;86249792.316452
2019-04-12;48.2737;48.504;47.5479;48.191;114557860.41136
2019-04-15;48.1192;48.4323;47.9836;48.2807;72367159.082186
2019-04-16;48.3355;48.7962;48.1153;48.2857;106039344.127
2019-04-17;48.3555;49.2856;48.1272;49.2238;119287429.74095
2019-04-18;49.2218;49.4711;49.0773;49.3994;99846847.124279
2019-04-22;49.1531;49.6615;49.0335;49.5628;80219705.192191
2019-04-23;49.5409;50.3435;49.4093;50.2766;96245231.83358
2019-04-24;50.2467;50.5179;50.171;50.1989;72383516.825076
2019-04-25;50.1212;50.3464;49.7063;49.7463;76520851.204592
2019-04-26;49.6515;49.6765;48.9777;49.509;76957846.079142
2019-04-29;49.5339;49.9138;49.3994;49.5827;91630534.823649
2019-04-30;49.2059;49.2916;48.2509;48.6276;192032167.01521
2019-05-01;50.8598;52.1768;50.7014;51.0174;267518064.99066
2019-05-02;50.8518;51.5288;50.4371;50.6834;132036824.8678
2019-05-03;51.1061;51.3334;50.9476;51.3125;86215009.544179
2019-05-06;49.507;50.6067;49.3146;50.5179;133880556.54248
2019-05-07;49.8928;50.2607;48.6626;49.1601;159963240.38068
2019-05-08;48.9267;49.7613;48.8889;49.167;108693246.48091
2019-05-09;48.5608;48.8719;47.6596;48.6406;144054723.55895
2019-05-10;48.0255;48.3755;46.895;47.9667;169400538.6245
2019-05-13;45.6647;46.0874;44.4783;45.1792;236085478.42716
2019-05-14;45.3447;46.1423;45.1024;45.897;150165983.52483
2019-05-15;45.3088;46.6477;45.2529;46.4444;109119872.8254
2019-05-16;46.1941;46.8232;45.9389;46.236;135785142.27061
2019-05-17;45.4723;46.4404;45.4294;45.9767;135159170.72963
2019-05-20;44.6448;44.8452;43.8572;44.5381;158727183.608
2019-05-21;45.0556;45.7365;44.932;45.3905;116602054.68047
2019-05-22;44.923;45.1772;44.4095;44.4603;122290195.96847
2019-05-23;43.7395;43.922;43.254;43.7047;150166227.26604
2019-05-24;43.8373;44.3089;43.4494;43.5352;97486196.53094
2019-05-28;43.5222;43.935;43.277;43.3568;114889136.8025
2019-05-29;42.9171;43.6299;42.8154;43.1494;117080207.71445
2019-05-30;43.287;43.6;42.9769;43.3737;87224528.42905
2019-05-31;42.8703;43.297;42.5712;42.5891;111170602.9697
2019-06-03;42.7197;43.28;41.4197;42.1544;166059934.05134
2019-06-04;42.6808;43.7475;42.4545;43.6997;127302917.34604
2019-06-05;44.8282;45.0008;44.0636;44.4075;122392429.85543
2019-06-06;44.5361;45.1184;44.3108;45.0556;92601030.039943
2019-06-07;45.3676;46.6876;45.1911;46.2539;126137228.55808
2019-06-10;46.6617;47.5261;46.6148;46.8471;107788522.2702
2019-06-11;47.3985;47.6826;47.0954;47.3865;110715539.1486
2019-06-12;47.1821;47.6746;47.0435;47.2369;75035107.148249
2019-06-13;47.3595;47.872;47.0954;47.23;89099924.392892
2019-06-14;46.5979;47.0914;46.2918;46.887;77124560.046068
2019-06-17;46.9249;47.4243;46.7475;47.1672;60301840.189116
2019-06-18;47.6945;48.7194;47.4861;48.2757;109145719.42332
2019-06-19;48.5728;48.6226;47.9996;48.1322;86837381.137938
2019-06-20;48.7384;48.7982;48.1711;48.525;88439578.32108
2019-06-21;48.3635;48.857;48.2009;48.3575;196498386.51416
2019-06-24;48.2977;48.6895;48.2059;48.3077;74900402.519754
2019-06-25;48.2707;48.4762;47.5061;47.5749;86615808.348706
2019-06-26;48.1073;48.8919;48.0096;48.6028;107158181.4425
2019-06-27;48.7194;49.0355;48.548;48.5878;85914442.538391
2019-06-28;48.3336;48.533;47.9338;48.1451;127889449.95564
2019-07-01;49.4212;49.7463;48.8081;49.0305;112293498.62637
2019-07-02;48.9955;49.4113;48.9835;49.3176;69617194.60927
2019-07-03;49.4492;49.7343;49.3086;49.7263;46707031.210718
2019-07-05;49.4671;49.8898;49.3564;49.6815;70974996.601662
2019-07-08;48.847;48.9935;48.2657;48.6546;104161886.89497
2019-07-09;48.4622;49.0205;48.3655;48.9547;84591986.029443
2019-07-10;49.1052;49.5598;49.0335;49.4372;73571454.26982
2019-07-11;49.4572;49.7213;49.0703;49.0803;83004505.59904
2019-07-12;49.2488;49.6247;49.187;49.4542;72330294.980718
2019-07-15;49.6465;50.0802;49.6247;49.9217;69667359.156575
2019-07-16;49.7712;50.139;49.504;49.7483;69336010.545818
2019-07-17;49.6366;49.8948;49.4472;49.4671;57992829.629946
2019-07-18;49.6247;50.0822;49.5529;50.0294;76387442.516974
2019-07-19;50.0613;50.2308;49.2258;49.2836;86036075.416497
2019-07-22;49.5409;50.4123;49.5309;50.4093;91579994.132514
2019-07-23;50.7093;50.82;50.4271;50.802;75454494.479342
2019-07-24;50.5159;50.8798;50.3983;50.7602;61627245.665694
2019-07-25;50.815;50.9018;50.2886;50.3604;57179346.878906
2019-07-26;50.4721;51.0214;50.3903;50.5339;72427562.766075
2019-07-29;50.7093;51.2407;50.7034;51.0094;89094837.925256
2019-07-30;50.7821;51.1261;50.4321;50.7881;139502756.30636
2019-07-31;52.6474;53.8528;51.3972;51.8239;284801424.62485
2019-08-01;52.0333;53.0382;50.2906;50.7014;222056560.34967
2019-08-02;49.9985;50.2138;49.0504;49.6286;167975776.00897
2019-08-05;48.1611;48.3256;46.8471;47.0336;215376716.35471
2019-08-06;47.7544;48.1811;47.202;47.9218;147268328.93536
2019-08-07;47.536;48.545;47.1512;48.4223;137154188.4559
2019-08-08;48.6994;49.511;48.509;49.487;111030594.21168
2019-08-09;49.1551;49.511;48.6626;49.0803;100823634.47457
2019-08-12;48.7403;49.3396;48.6306;48.9547;92068609.98328
2019-08-13;49.0873;51.801;49.0404;51.0293;194686574.90644
2019-08-14;49.6077;50.4093;49.4691;49.509;149670350.33477
2019-08-15;49.6815;50.0922;48.7533;49.2638;114188912.46334
2019-08-16;49.8848;50.5847;49.7761;50.4252;117998548.33183
2019-08-19;51.4271;51.9465;51.2865;51.3623;100054422.34777
2019-08-20;51.491;52.0981;51.3543;51.3643;110241786.4959
2019-08-21;52.0093;52.1719;51.6694;51.9247;88312700.493406
2019-08-22;52.0582;52.3602;51.459;51.8797;91191942.090107
2019-08-23;51.143;51.7811;49.0833;49.4811;191996235.75044
2019-08-26;50.2667;50.5927;50.0702;50.4222;106746913.80289
2019-08-27;50.7552;50.9276;49.6985;49.8559;106055698.86074
2019-08-28;49.841;50.2308;49.6465;50.184;65350248.087196
2019-08-29;50.9147;51.1161;50.4651;51.0393;86031262.78157
2019-08-30;51.3165;51.3843;50.5947;50.9745;86665648.910791
2019-09-03;50.4073;50.5409;49.8709;50.2268;82148661.028311
2019-09-04;50.8878;51.1559;50.6246;51.0832;78697388.921994
2019-09-05;51.7691;52.2486;51.6484;52.0811;98068515.326601
2019-09-06;52.2686;52.3583;51.8927;52.0751;79293137.556971
2019-09-09;52.461;52.8498;51.5388;52.2954;111838405.71681
2019-09-10;52.2237;52.9336;51.6973;52.9136;130138081.90718
2019-09-11;53.2516;54.6274;53.1698;54.5984;181376491.76179
2019-09-12;54.8945;55.2904;54.417;54.4738;131975772.21042
2019-09-13;53.7212;53.9186;52.9924;53.4151;162840019.48909
2019-09-16;53.1698;53.753;53.128;53.6962;86647550.87578
2019-09-17;53.7112;53.9255;53.5038;53.8956;75296901.248014
2019-09-18;53.9833;54.414;53.5815;54.3941;105014479.5769
2019-09-19;54.2117;54.6384;53.8128;53.9594;90864561.545998
2019-09-20;54.0581;54.3423;53.105;53.1698;237429801.43077
2019-09-23;53.4629;53.6813;53.1498;53.4071;79528016.810342
2019-09-24;53.9764;54.3243;53.0352;53.1578;128731101.36585
2019-09-25;53.3662;54.088;53.0222;53.9764;92064992.984208
2019-09-26;53.7212;53.9544;53.4331;53.6932;78171119.569243
2019-09-27;53.8558;53.9594;53.0582;53.4331;103860410.12264
2019-09-30;53.9444;54.8397;53.9186;54.6892;107780773.7073
2019-10-01;54.9623;55.7301;54.746;54.8427;148194921.64683
2019-10-02;54.4668;54.5954;53.2177;53.4649;146475308.40869
2019-10-03;53.3373;53.9594;52.5338;53.9255;124301369.82454
2019-10-04;55.0979;55.5476;54.6692;55.429;142332143.29827
2019-10-07;55.2534;56.1458;55.1478;55.4419;126498805.09009
2019-10-08;55.1428;55.6901;54.7779;54.7959;119919523.90044
2019-10-09;55.4349;55.6233;55.0979;55.4349;77929960.218482
2019-10-10;55.6573;56.2714;55.5017;56.1856;118610213.3676
2019-10-11;56.8805;58.03;56.727;57.678;171959759.05652
2019-10-14;57.361;58.1476;57.3052;57.5944;99978948.837468
2019-10-15;57.7239;58.032;57.3561;57.4617;94356182.350226
2019-10-16;56.9842;57.4418;56.9413;57.2325;78983535.074855
2019-10-17;57.4089;57.6641;57.0201;57.4518;70736561.535282
2019-10-18;57.2853;58.0151;57.2125;57.7279;99830218.55783
2019-10-21;58.0011;58.8455;57.9523;58.7259;91600088.237452
2019-10-22;58.8884;59.1456;58.5115;58.5963;92896301.943652
2019-10-23;59.1196;59.3969;58.9023;59.3819;81628444.080552
2019-10-24;59.7049;59.7766;59.0459;59.4815;73371267.514202
2019-10-25;59.3769;60.2503;59.3081;60.2123;75226576.394456
2019-10-28;60.4197;60.8633;60.2473;60.8135;98872235.389906
2019-10-29;60.7936;60.9839;59.2353;59.4097;146240279.70083
2019-10-30;59.7677;59.8983;58.9003;59.4019;127486788.48687
2019-10-31;60.3758;60.8434;57.9373;60.7437;142475341.75598
2019-11-01;60.9331;62.4933;60.8414;62.4665;154723423.4194
2019-11-04;62.8354;62.962;62.3598;62.8772;105730568.15825
2019-11-05;62.7656;63.0477;62.5881;62.7854;81799961.654952
2019-11-06;62.6988;62.8752;62.3538;62.8134;77670727.908965
2019-11-07;63.3707;63.7635;63.2171;63.5412;96909782.691888
2019-11-08;63.3577;63.7855;62.9061;63.7117;71535764.863474
2019-11-11;63.2631;64.285;63.2591;64.2172;83731468.247766
2019-11-12;64.0586;64.3646;63.9041;64.1573;89201702.89506
2019-11-13;63.9539;64.8502;63.9399;64.7744;105412620.29836
2019-11-14;64.5989;64.8761;64.1922;64.3268;91440522.006352
2019-11-15;64.581;65.0924;64.4175;65.0864;102456840.95508
2019-11-18;65.0964;65.4992;64.7146;65.4185;88604243.056418
2019-11-19;65.6159;65.6398;64.9998;65.2191;77860712.640855
2019-11-20;65.0346;65.1662;63.7755;64.4624;108647670.88834
2019-11-21;64.583;64.6597;63.9669;64.1693;123913340.85228
2019-11-22;64.3148;64.4594;63.8841;64.1134;66680158.262286
2019-11-25;64.3448;65.254;64.2968;65.238;85863023.17527
2019-11-26;65.3785;65.4325;64.2918;64.7295;107524695.9907
2019-11-27;65.0446;65.6358;64.9798;65.5999;66508646.706187
2019-11-29;65.2929;65.6398;65.1224;65.4553;47584490.510509
2019-12-02;65.4603;65.6986;64.5242;64.6977;96740196.992201
2019-12-03;63.2661;63.5662;62.7676;63.5462;119946691.51549
2019-12-04;63.9399;64.4903;63.8453;64.1065;68636411.10693
2019-12-05;64.6079;65.1194;64.3488;65.0446;76193818.718907
2019-12-06;65.5112;66.3726;65.4683;66.3027;108392783.79235
2019-12-09;66.1293;66.3257;64.8831;65.3726;131400976.29136
2019-12-10;65.7854;66.1463;65.1124;65.7554;92407481.470642
2019-12-11;65.8372;66.3975;65.7604;66.3177;80530139.202934
2019-12-12;65.5859;66.7544;65.4723;66.4862;140605626.06549
2019-12-13;66.4862;67.4273;66.3556;67.3914;136505354.39139
2019-12-16;67.8401;68.7722;67.8361;68.5449;130986387.5525
2019-12-17;68.4731;69.0125;68.2837;68.6765;116674305.39044
2019-12-18;68.53;69.0434;68.3635;68.516;118507109.8361
2019-12-19;68.4572;68.866;68.3216;68.5828;100551243.14929
2019-12-20;69.1231;69.2249;68.2239;68.4423;281859051.04768
2019-12-23;68.7064;69.6176;68.6666;69.5588;100759210.56542
2019-12-24;69.7273;69.7762;69.2907;69.6226;49484504.335754
2019-12-26;69.7592;71.0214;69.7303;71.0034;95272186.863642
2019-12-27;71.3015;71.9974;70.5647;70.9755;149408092.82581
2019-12-30;70.8938;71.6864;69.8549;71.3983;147230550.05209
2019-12-31;71.0084;71.9246;70.9077;71.9176;103085454.53032
2020-01-02;72.5537;73.6225;72.2955;73.5616;138461336.41248
2020-01-03;72.779;73.6185;72.6185;72.8488;149575255.15618
2020-01-06;71.9515;73.4649;71.7023;73.425;121038376.26169
2020-01-07;73.435;73.6972;72.8607;73.0831;113823807.20067
2020-01-08;72.781;74.5626;72.779;74.2575;135109542.81419
2020-01-09;75.2475;76.0261;74.9963;75.8377;174022747.47748
2020-01-10;76.069;76.5785;75.4968;76.0042;143791287.46599
2020-01-13;76.3262;77.6581;76.2036;77.6312;124619469.14501
2020-01-14;77.5664;77.7788;76.4578;76.5814;165987098.56311
2020-01-15;76.378;77.2723;75.8187;76.2514;124452720.07133
2020-01-16;76.8057;77.3191;76.4378;77.2075;111086571.43498
2020-01-17;77.4597;78.0659;77.1497;78.0639;140675344.07367
2020-01-21;77.688;78.1337;77.3929;77.5345;113142600.69356
2020-01-22;78.026;78.373;77.717;77.8106;103944876.98116
2020-01-23;77.8635;78.2663;77.3072;78.1845;106639144.08179
2020-01-24;78.4378;79.1884;77.7658;77.9592;149577302.38166
2020-01-27;75.9373;76.3581;74.6702;75.6692;165299314.05269
2020-01-28;76.5615;77.9821;76.4618;77.8086;165599334.39611
2020-01-29;79.4646;80.2961;78.7089;79.4367;221092872.83518
2020-01-30;78.5106;79.3749;78.0679;79.321;129372404.52934
2020-01-31;78.6032;79.0329;75.5066;75.8087;203728659.32933
2020-02-03;74.5307;76.7818;74.0192;75.5984;177594773.78992
2020-02-04;77.2255;78.2862;76.8157;78.0938;139450517.45121
2020-02-05;79.2354;79.5414;78.1157;78.7269;121291828.99587
2020-02-06;79.005;79.6541;78.4428;79.6511;107612494.98204
2020-02-07;79.1416;79.3948;78.0679;78.5684;119840872.72705
2020-02-10;77.1317;78.9402;77.05;78.9402;111352920.38576
2020-02-11;79.4447;79.5185;78.2443;78.4676;96051803.630304
2020-02-12;78.9203;80.3339;78.9203;80.3279;115814658.25635
2020-02-13;79.5883;80.0867;79.3819;79.7557;96484032.010238
2020-02-14;79.7248;80.0279;79.2602;79.7757;81582055.014253
2020-02-18;77.4199;78.5006;77.2374;78.3161;155561889.14211
2020-02-19;78.5604;79.6829;78.5604;79.4487;95706433.380605
2020-02-20;79.2054;79.7029;78.1207;78.6362;102409056.64593
2020-02-21;78.2224;78.668;76.2265;76.8536;132082808.70181
2020-02-24;72.9794;74.6742;71.0054;73.2037;226267540.682
2020-02-25;73.8836;74.2715;70.2458;70.7223;234901062.69171
2020-02-26;70.3444;73.1329;70.3374;71.8458;202355599.94013
2020-02-27;69.0125;70.2148;67.0106;67.1492;326481344.69964
2020-02-28;63.1603;68.3515;62.939;67.1093;434708544.96265
2020-03-02;69.2976;74.0032;68.181;73.3552;347654230.14272
2020-03-03;74.5496;74.6304;70.165;71.0284;325330515.09756
2020-03-04;72.777;74.4868;71.9615;74.3233;223195207.9069
2020-03-05;72.5507;73.5397;71.5408;71.9096;191010572.40881
2020-03-06;69.2289;71.3963;69.0434;70.9556;230322184.60492
2020-03-09;64.7515;68.2717;64.5671;65.3427;292000076.28202
2020-03-10;68.0354;70.3235;66.1313;70.0513;290518663.39651
2020-03-11;68.0983;69.0414;66.7424;67.6197;261078616.02219
2020-03-12;62.8334;66.2858;60.8833;60.9411;426143545.32526
2020-03-13;65.0286;68.7194;62.1016;68.2419;377526630.27519
2020-03-16;59.3999;63.604;58.9203;59.4637;328332595.23873
2020-03-17;60.7637;63.2441;58.5285;62.0796;329994914.24864
2020-03-18;58.8625;61.3758;58.2114;60.5572;305736080.62685
2020-03-19;60.7338;62.0756;59.5613;60.0927;276839408.62363
2020-03-20;60.6829;61.8254;55.9723;56.2783;409055319.07971
2020-03-23;55.9912;56.0959;52.1968;55.084;342924585.58437
2020-03-24;58.027;60.8085;57.5206;60.6082;292800749.07878
2020-03-25;61.5592;63.3996;59.9741;60.2771;309166230.50176
2020-03-26;60.5204;63.5063;60.4805;63.4465;257189423.22598
2020-03-27;62.0528;62.8154;60.65;60.8215;207959340.57092
2020-03-30;61.5563;62.7296;61.2292;62.5562;171054986.69939
2020-03-31;62.7486;64.4424;61.8683;62.4265;200612509.30867
2020-04-01;60.5164;61.0597;58.7039;59.1456;179448151.79851
2020-04-02;59.003;60.1845;58.1576;60.1306;168975082.83961
2020-04-03;59.6062;60.321;58.6681;59.2682;132260413.78797
2020-04-06;61.5941;64.5929;61.2242;64.4374;205519093.93089
2020-04-07;66.4812;66.7035;63.586;63.6897;206605691.20641
2020-04-08;64.5023;65.6398;64.1294;65.3187;171990670.05495
2020-04-09;65.9648;66.3027;64.9858;65.7934;165087641.36907
2020-04-13;65.873;67.195;65.2599;67.0834;133424210.82321
2020-04-14;68.7394;70.7641;68.2618;70.472;198568402.30493
2020-04-15;69.3275;70.2956;68.8948;69.828;133558265.47516
2020-04-16;70.5498;70.7512;69.3156;70.3843;160004830.85475
2020-04-17;69.8909;70.4441;67.9667;69.4272;219194852.07071
2020-04-20;68.2369;69.1511;67.9647;67.9846;132397817.62458
2020-04-21;67.8261;68.0634;65.1622;65.887;184308646.26339
2020-04-22;67.1721;68.2239;66.8251;67.7813;119202705.09853
2020-04-23;67.7275;69.1681;67.4822;67.5211;127101830.85438
2020-04-24;68.0514;69.48;68.0016;69.4701;128827287.86307
2020-04-27;69.1799;69.8549;68.7264;69.52;119233467.64555
2020-04-28;69.9865;70.173;68.2997;68.3923;114057488.81209
2020-04-29;69.9007;71.1151;69.6944;70.6365;139796796.4644
2020-04-30;71.1879;72.3055;70.7881;72.128;186418930.50805
2020-05-01;70.2756;73.4021;70.177;70.9656;245026539.64469
2020-05-04;70.9914;72.1001;70.2916;71.9695;136015878.9266
2020-05-05;72.437;73.8946;72.2905;73.0542;150459052.73027
2020-05-06;73.765;74.4469;73.3702;73.8069;144942340.74826
2020-05-07;74.4419;74.9205;74.1329;74.5666;117326629.06664
2020-05-08;75.2375;76.398;74.9055;76.3422;136136151.6686
2020-05-11;75.8457;78.0459;75.6323;77.5445;148219805.31654
2020-05-12;78.2393;78.695;76.5345;76.6571;164829391.04571
2020-05-13;76.8416;77.7758;74.6374;75.734;203747871.75312
2020-05-14;74.9604;76.2594;74.2276;76.1966;161404887.34045
2020-05-15;73.9335;75.7968;73.9006;75.7489;168939767.44767
2020-05-18;77.0918;77.9104;76.392;77.5325;137481345.31981
2020-05-19;77.5495;78.4108;77.052;77.0848;103314290.40615
2020-05-20;77.9552;78.6531;77.8376;78.5833;113241895.6434
2020-05-21;78.4448;78.9931;77.7558;77.9971;104288541.04245
2020-05-22;77.7319;78.5833;77.6282;78.5006;83077351.117784
2020-05-26;79.6361;79.8175;77.9104;77.9672;127477207.35122
2020-05-27;77.8216;78.4577;77.0719;78.3091;114704565.53262
2020-05-28;77.9771;79.6211;77.697;78.344;135880705.87365
2020-05-29;78.5883;79.0559;77.9034;78.2663;155990895.72476
2020-06-01;78.2194;79.35;78.0859;79.2284;82280726.631692
2020-06-02;78.9571;79.6211;78.5106;79.5963;89008125.237303
2020-06-03;79.9202;80.2981;79.338;80.0318;106118990.32619
2020-06-04;79.8534;80.1555;78.9651;79.343;88924384.587134
2020-06-05;79.5983;81.6649;79.5683;81.6041;139388299.24948
2020-06-08;81.297;82.1205;80.5732;82.0866;97144649.908657
2020-06-09;81.7616;85.0785;81.7287;84.6777;150013438.64523
2020-06-10;85.6397;87.3306;85.1952;86.8561;169247869.36667
2020-06-11;85.9878;86.4204;82.5831;82.6878;204803969.28079
2020-06-12;84.8581;85.6149;82.274;83.4007;203263944.15906
2020-06-15;82.0338;85.0954;81.8683;84.4324;140971299.05458
2020-06-16;86.5171;86.9448;84.8581;86.6696;168005792.28662
2020-06-17;87.4254;87.4872;86.4263;86.549;116188739.81538
2020-06-18;86.5051;87.0066;85.9658;86.5839;98328662.417913
2020-06-19;87.2987;87.7743;84.9639;86.0884;268595833.41819
2020-06-22;86.4882;88.4851;86.4413;88.3416;137555243.03823
2020-06-23;89.6027;91.6684;89.178;90.2278;215460454.99877
2020-06-24;89.849;90.7831;88.2548;88.6327;195624099.86219
2020-06-25;88.7912;89.849;88.0205;89.809;139664850.22399
2020-06-26;89.7044;89.9277;86.8999;87.0525;208454353.87594
2020-06-29;86.9568;89.1531;86.4733;89.0584;132681293.65778
2020-06-30;88.6387;90.0922;88.6187;89.7991;142407696.04954
2020-07-01;89.8788;90.4312;89.5828;89.6296;112462312.98045
2020-07-02;90.5528;91.1958;89.5179;89.6296;115818017.47151
2020-07-06;91.0792;92.5019;91.0483;92.0283;120504080.50113
2020-07-07;92.4121;93.2027;91.6305;91.7442;114175814.63364
2020-07-08;92.7342;93.9105;92.6444;93.8787;118915948.08808
2020-07-09;94.7879;94.8407;93.2197;94.2156;127599879.38936
2020-07-10;93.8707;94.5077;93.2526;94.4479;91663356.632753
2020-07-13;95.7718;98.4278;93.7939;94.0122;194634667.05786
2020-07-14;93.3852;95.7619;92.4381;95.5685;173653052.25704
2020-07-15;97.4717;97.7269;95.0122;96.2275;155584463.79023
2020-07-16;95.08;95.9115;94.432;95.0421;112300262.19396
2020-07-17;95.4987;95.6582;94.3692;94.8507;93622996.777971
2020-07-20;94.9364;96.9902;94.5895;96.8485;91724887.745083
2020-07-21;97.6541;97.7289;95.2585;95.5117;105260439.52598
2020-07-22;95.2086;96.4718;95.1189;95.7798;90388127.740082
2020-07-23;95.5117;95.5884;90.5986;91.4201;200073384.86438
2020-07-24;89.5897;91.5437;87.7793;91.1938;188327648.80305
2020-07-27;92.2745;93.45;92.0452;93.3562;123102478.0684
2020-07-28;92.9216;93.0991;91.8169;91.8219;105239788.72818
2020-07-29;92.3135;93.767;92.2775;93.5846;91736415.801193
2020-07-30;92.7422;94.8218;92.3293;94.7161;160593383.60749
2020-07-31;101.311;104.79;99.2672;104.64;380126276.63999
2020-08-03;106.525;109.925;106.226;107.263;312951800.18646
2020-08-04;107.462;109.097;106.715;107.981;175484140.48377
2020-08-05;107.701;108.709;107.223;108.369;123892354.03265
2020-08-06;108.719;112.656;108.111;112.158;205582353.29874
2020-08-07;111.68;112.138;108.799;109.596;200768792.55642
2020-08-10;111.081;112.238;108.509;111.211;215324030.13917
2020-08-11;110.453;110.962;107.631;107.901;190486085.4763
2020-08-12;109.007;111.75;108.809;111.49;168226607.77294
2020-08-13;112.876;114.461;112.388;113.444;212970749.9588
2020-08-14;113.274;113.434;111.52;113.344;167841774.51868
2020-08-17;114.481;114.511;112.408;113.055;121205447.31449
2020-08-18;112.796;114.421;112.457;113.982;107086030.0345
2020-08-19;114.401;115.577;114.032;114.132;147539193.6182
2020-08-20;114.172;116.784;114.152;116.674;128652197.42381
2020-08-21;117.641;123.165;117.631;122.675;342702983.70668
2020-08-24;126.952;127.032;122.267;124.151;350694505.43298
2020-08-25;123.005;123.473;121.38;123.125;214403911.11378
2020-08-26;124.471;125.278;123.373;124.809;165263868.26422
2020-08-27;125.427;125.746;122.157;123.303;157691271.46285
2020-08-28;124.301;124.729;122.885;123.115;190209877.54496
2020-08-31;125.846;129.206;124.291;127.292;228806161.47177
2020-09-01;130.961;132.964;128.777;132.356;154566647.67399
2020-09-02;135.736;136.105;125.288;129.605;202870681.2708
2020-09-03;125.198;127.092;118.868;119.236;261141704.8715
2020-09-04;118.449;122.028;109.377;119.316;337180601.4818
2020-09-08;112.408;117.382;111.161;111.3;234547916.79675
2020-09-09;115.677;117.521;113.693;115.737;179373434.58806
2020-09-10;118.738;118.868;110.982;111.958;184780712.78868
2020-09-11;113.016;113.663;108.509;110.483;183347202.57223
2020-09-14;113.165;114.351;111.28;113.793;142077188.99791
2020-09-15;116.724;117.213;112.068;113.962;187180917.66415
2020-09-16;113.663;114.421;110.523;110.613;157158334.83534
2020-09-17;108.229;110.682;107.233;108.848;180458666.71225
2020-09-18;108.907;109.367;104.66;105.398;291052652.22371
2020-09-21;103.116;108.699;101.709;108.589;198404934.2085
2020-09-22;111.161;111.34;107.681;110.294;185572435.36837
2020-09-23;110.104;110.593;105.328;105.658;152791095.32846
2020-09-24;103.744;108.759;103.574;106.744;170049864.18361
2020-09-25;106.954;110.922;106.196;110.762;152043727.62922
2020-09-28;113.444;113.753;111.26;113.394;139565435.91119
2020-09-29;112.996;113.743;112.028;112.536;101436385.81372
2020-09-30;112.248;115.677;112.078;114.232;144637006.24481
2020-10-01;116.037;116.115;114.251;115.209;117717127.54852
2020-10-02;111.37;113.793;110.702;111.5;146701815.20192
2020-10-05;112.368;115.069;112.008;114.919;107704722.44007
2020-10-06;114.122;114.541;110.732;111.64;163718854.97378
2020-10-07;113.065;113.972;112.576;113.514;98180685.428986
2020-10-08;114.67;114.82;113.035;113.404;84624986.381485
2020-10-09;113.713;115.418;113.354;115.388;101888861.76528
2020-10-12;118.439;123.473;117.671;122.705;243529953.61859
2020-10-13;123.563;123.683;118.03;119.456;265937564.78669
2020-10-14;119.356;121.36;118;119.546;153139455.67085
2020-10-15;117.113;119.556;116.545;119.076;114106938.18459
2020-10-16;119.636;119.894;117.203;117.412;116980503.52013
2020-10-19;118.339;118.788;114.082;114.401;122298161.19022
2020-10-20;114.621;117.372;114.052;115.917;126134588.52993
2020-10-21;115.089;117.093;114.869;115.289;91182762.174549
2020-10-22;115.867;116.435;113.035;114.172;103390315.59407
2020-10-23;114.81;114.969;112.726;113.474;83708040.003917
2020-10-26;112.457;114.969;111.36;113.484;113388632.86227
2020-10-27;113.913;115.697;112.986;115.019;93545601.423455
2020-10-28;113.484;113.853;109.586;109.685;145917006.64735
2020-10-29;110.852;115.349;110.682;113.753;148138489.03873
2020-10-30;109.546;110.473;106.246;107.383;193193911.80972
2020-11-02;107.631;109.187;105.857;107.293;124556352.2103
2020-11-03;108.17;109.975;107.253;108.947;109104313.51048
2020-11-04;112.586;114.012;110.832;113.384;140136257.74529
2020-11-05;116.345;118;115.289;117.412;128124930.03609
2020-11-06;116.913;117.791;114.75;117.282;115831911.72309
2020-11-09;119.076;120.542;114.67;114.939;156370168.06864
2020-11-10;114.172;116.185;112.776;114.591;139680268.10883
2020-11-11;115.807;118.22;115.059;118.08;113642980.31723
2020-11-12;118.21;119.106;117.163;117.801;104591330.8075
2020-11-13;118.03;118.259;116.465;117.851;82669203.96739
2020-11-16;117.511;119.556;116.744;118.878;92277609.538078
2020-11-17;118.14;119.236;117.551;117.98;75162547.687093
2020-11-18;117.203;118.409;116.595;116.625;77238306.94339
2020-11-19;116.185;117.651;115.428;117.233;75002648.443323
2020-11-20;117.243;117.362;115.897;115.947;74487856.994171
2020-11-23;115.797;116.215;112.408;112.496;129495384.50388
2020-11-24;112.556;114.471;111.26;113.793;115241201.40933
2020-11-25;114.162;115.368;113.793;114.65;77417556.02884
2020-11-27;115.189;116.085;114.839;115.209;47251828.907023
2020-11-30;115.587;119.536;115.428;117.641;171443832.15452
2020-12-01;119.576;122.008;118.598;121.26;129705360.02653
2020-12-02;120.572;121.908;119.456;121.619;90072631.334908
2020-12-03;122.058;122.317;120.762;121.479;79915584.379494
2020-12-04;121.14;121.4;120.074;120.802;79199884.981622
2020-12-07;120.862;123.085;120.802;122.287;87657854.145918
2020-12-08;122.885;123.493;121.629;122.895;82993188.183475
2020-12-09;123.045;124.461;119.566;120.333;116255442.65461
2020-12-10;119.076;122.407;118.738;121.779;82287934.550531
2020-12-11;120.981;121.3;119.126;120.961;87983441.236245
2020-12-14;121.14;121.888;120.094;120.333;80025242.844145
2020-12-15;122.855;126.374;122.646;126.354;159463812.65165
2020-12-16;125.896;126.844;125.069;126.285;99387519.336712
2020-12-17;127.372;128.05;126.514;127.172;95492537.937713
2020-12-18;127.432;127.571;124.63;125.168;194852828.47332
2020-12-21;123.533;126.784;121.978;126.704;122707096.73808
2020-12-22;130.043;132.805;128.119;130.313;171384781.58537
2020-12-23;130.591;130.861;129.216;129.395;89282760.385907
2020-12-24;129.754;131.878;129.535;130.403;55589463.140191
2020-12-28;132.396;135.726;131.927;135.078;125980611.29462
2020-12-29;136.414;137.142;132.745;133.264;122500417.23843
2020-12-30;133.932;134.38;131.818;132.137;97609967.912101
2020-12-31;132.486;133.134;130.153;131.12;100306414.64085
2021-01-04;131.937;132.027;125.268;127.88;145022130.38363
2021-01-05;127.362;130.173;126.902;129.445;98837299.150952
2021-01-06;126.195;129.485;124.889;125.108;156949697.38167
2021-01-07;126.834;130.063;126.334;129.355;110893569.52804
2021-01-08;130.861;131.061;128.698;130.482;106420600.50421
2021-01-11;127.66;128.638;126.972;127.452;101828767.02085
2021-01-12;126.972;128.159;125.368;127.272;93054957.405156
2021-01-13;127.232;129.884;126.962;129.325;89700856.791374
2021-01-14;129.236;129.435;127.232;127.382;91304807.306292
2021-01-15;127.252;128.688;125.497;125.627;112938197.11484
2021-01-19;126.255;127.182;125.447;126.304;91846811.50775
2021-01-20;127.132;130.921;127.022;130.462;105571775.27887
2021-01-21;132.217;138.009;132.007;135.258;121976420.79746
2021-01-22;134.67;138.189;133.413;137.411;115833367.14895
2021-01-25;141.378;143.363;134.928;141.229;159503736.05627
2021-01-26;141.908;142.585;139.684;141.468;99571668.322458
2021-01-27;141.738;142.585;138.747;140.372;142534495.6393
2021-01-28;137.859;140.302;135.088;135.477;144333199.38683
2021-01-29;134.22;135.128;128.678;130.393;179654866.40492
2021-02-01;132.167;133.772;129.365;132.546;107515160.99537
2021-02-02;134.121;134.7;133.004;133.383;84305392.516186
2021-02-03;134.15;134.16;132.027;132.346;90959898.459692
2021-02-04;134.69;135.776;132.984;135.766;85193622.569176
2021-02-05;135.926;135.995;134.45;135.347;76488184.868271
2021-02-08;134.62;135.546;133.513;135.496;72045430.726032
2021-02-09;135.208;136.444;134.44;134.6;77579906.727334
2021-02-10;135.068;135.576;132.994;133.982;73813136.209743
2021-02-11;134.49;134.978;132.376;133.722;64954604.96077
2021-02-12;132.944;134.121;132.317;133.962;60776312.028814
2021-02-16;134.081;134.6;131.409;131.808;81421910.02318
2021-02-17;129.884;130.851;128.129;129.475;99114588.370422
2021-02-18;127.86;128.648;126.076;128.368;97873193.36452
2021-02-19;128.897;129.345;127.462;128.528;88588858.272236
2021-02-22;126.674;128.378;124.301;124.699;105006950.68199
2021-02-23;122.477;125.408;117.163;124.56;159933988.42728
2021-02-24;123.643;124.261;120.961;124.051;112205193.09468
2021-02-25;123.383;125.148;119.286;119.724;149754794.12314
2021-02-26;121.31;123.553;119.934;119.994;166287343.58977
2021-03-01;122.467;126.594;121.509;126.454;117528464.83681
2021-03-02;127.072;127.382;123.713;123.823;103334103.65702
2021-03-03;123.513;124.411;120.572;120.792;114151844.74267
2021-03-04;120.482;122.317;117.392;118.888;180024589.71076
2021-03-05;119.714;120.672;116.345;120.154;155380276.87037
2021-03-08;119.665;119.734;114.999;115.149;155996686.33365
2021-03-09;117.801;120.792;117.561;119.824;130885065.43818
2021-03-10;120.422;120.901;118.22;118.748;113118096.17683
2021-03-11;121.26;121.928;119.994;120.692;104107708.1407
2021-03-12;119.156;119.904;117.93;119.764;89029652.700997
2021-03-15;120.144;122.705;119.176;122.695;93562229.989904
2021-03-16;124.401;125.896;123.413;124.271;116437175.29239
2021-03-17;122.755;124.56;121.071;123.463;113107293.32602
2021-03-18;121.599;121.898;119.076;119.276;122744497.47141
2021-03-19;118.668;120.164;118.439;118.748;187496739.0576
2021-03-22;119.086;122.586;119.017;122.107;113086727.78749
2021-03-23;122.048;122.945;120.871;121.26;96469005.314981
2021-03-24;121.539;121.619;118.818;118.848;89459553.001383
2021-03-25;118.309;120.392;117.771;119.336;99881989.991578
2021-03-26;119.106;120.214;117.691;119.944;95058447.896582
2021-03-29;120.383;121.3;119.476;120.124;81667345.377003
2021-03-30;118.868;119.156;117.631;118.668;86570988.052942
2021-03-31;120.383;122.237;119.884;120.881;119565552.49516
2021-04-01;122.377;122.885;121.21;121.719;75877143.729732
2021-04-05;122.586;124.859;121.789;124.6;89581507.858607
2021-04-06;125.198;125.806;124.351;124.909;81012596.325386
2021-04-07;124.53;126.584;123.843;126.564;84342642.791985
2021-04-08;127.61;129.036;127.182;129.007;89776956.205014
2021-04-09;128.458;131.659;128.129;131.619;107806308.3566
2021-04-12;131.15;131.469;129.266;129.874;92379372.994493
2021-04-13;131.071;133.254;130.561;133.024;92224324.501557
2021-04-14;133.532;133.592;130.283;130.661;88138126.625004
2021-04-15;132.426;133.592;132.257;133.094;90284739.34232
2021-04-16;132.895;133.264;131.897;132.765;85813587.84547
2021-04-19;132.127;134.061;131.957;133.433;95253453.897844
2021-04-20;133.612;134.121;130.443;131.728;95807339.229087
2021-04-21;130.991;132.356;129.933;132.117;69569639.998623
2021-04-22;131.659;132.755;130.043;130.571;85453924.130221
2021-04-23;130.791;133.712;130.791;132.915;79583278.858834
2021-04-26;133.423;133.652;132.177;133.314;67607192.315856
2021-04-27;133.602;134.002;132.715;132.984;66708595.738904
2021-04-28;132.905;133.612;131.699;132.197;108890965.733
2021-04-29;135.058;135.656;131.081;132.097;152686653.72797
2021-04-30;130.413;132.177;129.695;130.093;110992156.32443
2021-05-03;130.671;132.675;130.462;131.169;75923591.975993
2021-05-04;129.824;130.123;125.398;126.514;139008365.89551
2021-05-05;127.86;129.096;126.634;126.764;84882432.258571
2021-05-06;126.554;128.408;125.806;128.398;78948237.737822
2021-05-07;129.705;130.113;128.348;129.076;79666723.609191
2021-05-10;128.289;128.418;125.706;125.746;88844567.869401
2021-05-11;122.427;125.178;121.699;124.819;127250464.84119
2021-05-12;122.327;123.553;121.18;121.699;113157247.23279
2021-05-13;123.493;125.059;123.175;123.882;106790889.53037
2021-05-14;125.158;126.774;124.759;126.334;82637258.824173
2021-05-17;125.716;125.826;124.081;125.178;74896552.813033
2021-05-18;125.467;125.886;123.693;123.763;63899131.330342
2021-05-19;122.087;123.833;121.789;123.603;93425199.287962
2021-05-20;124.141;126.604;124.011;126.195;77531992.021659
2021-05-21;126.704;126.883;124.121;124.341;79991714.88769
2021-05-24;124.919;126.824;124.849;125.996;63646953.47298
2021-05-25;126.704;127.202;125.228;125.796;72641785.203338
2021-05-26;125.856;126.275;125.328;125.746;57072703.5832
2021-05-27;125.348;126.524;123.991;124.191;95456492.325221
2021-05-28;124.481;124.709;123.463;123.523;71937278.842803
2021-06-01;123.991;124.261;122.855;123.195;68231028.362926
2021-06-02;123.205;124.151;122.965;123.972;59799379.236245
2021-06-03;123.593;123.763;122.058;122.467;76898525.689484
2021-06-04;122.985;125.069;122.765;124.799;75829392.521242
2021-06-07;125.079;125.228;123.753;124.809;71681494.016871
2021-06-08;125.507;127.342;125.118;125.637;75057101.030292
2021-06-09;126.096;126.634;125.427;126.026;57377372.061314
2021-06-10;125.916;127.072;124.849;125.019;71811497.349013
2021-06-11;125.437;126.324;125.009;126.235;53992343.397232
2021-06-14;126.704;129.395;125.966;129.335;97757408.269164
2021-06-15;128.817;129.455;128.269;128.518;63297296.186666
2021-06-16;129.226;129.744;127.342;129.016;92621238.492605
2021-06-17;128.678;131.399;128.528;130.641;97570965.307578
2021-06-18;129.565;130.363;129.106;129.315;109910009.58271
2021-06-21;129.166;131.259;128.09;131.15;80362825.411981
2021-06-22;130.981;132.905;130.472;132.815;75440280.254759
2021-06-23;132.605;133.144;132.077;132.536;60742930.51769
2021-06-24;133.274;133.463;131.778;132.257;69314337.639843
2021-06-25;132.307;132.725;131.659;131.957;71405285.082481
2021-06-28;132.257;134.061;132.197;133.602;62656691.146117
2021-06-29;133.622;135.308;133.174;135.148;65122936.84769
2021-06-30;134.988;136.214;134.69;135.776;63816880.20974
2021-07-01;135.417;136.135;134.58;136.075;52946650.509441
2021-07-02;136.703;138.787;136.553;138.747;79638779.633277
2021-07-06;138.857;141.908;138.857;140.78;109131717.84538
2021-07-07;142.286;143.632;141.418;143.313;105832799.03607
2021-07-08;140.342;142.804;139.435;141.996;106502498.55113
2021-07-09;141.508;144.389;141.408;143.851;100767924.06263
2021-07-12;144.938;145.047;142.744;143.243;76969693.105221
2021-07-13;142.804;146.175;142.386;144.379;101712443.28753
2021-07-14;146.802;148.268;146.393;147.849;128166395.12889
2021-07-15;147.939;148.696;145.815;147.181;107758266.26355
2021-07-16;147.161;148.457;144.609;145.117;94070249.84706
2021-07-19;142.496;142.814;140.432;141.21;122500867.60797
2021-07-20;142.216;145.825;141.718;144.878;97196067.265678
2021-07-21;144.27;144.858;143.373;144.14;75651963.97193
2021-07-22;144.669;146.892;144.549;145.527;78017248.657258
2021-07-23;146.263;147.42;145.645;147.261;72074783.987495
2021-07-26;146.972;148.527;146.413;147.69;73070120.74539
2021-07-27;147.829;147.909;144.29;145.497;105738971.71295
2021-07-28;143.582;145.695;141.299;143.722;119975505.13594
2021-07-29;143.432;145.277;143.323;144.379;57197343.605847
2021-07-30;143.124;145.057;142.854;144.589;71059152.51462
2021-08-02;145.087;145.675;143.991;144.26;63432099.114082
2021-08-03;144.549;146.743;143.921;146.075;65355499.055066
2021-08-04;145.985;146.493;145.007;145.675;56863231.591751
2021-08-05;145.705;146.543;144.898;145.785;46805083.381342
2021-08-06;145.297;146.045;144.579;145.087;54520407.206815
2021-08-09;145.147;145.645;144.479;145.037;49264338.825972
2021-08-10;145.387;146.633;144.26;144.559;69524996.239696
2021-08-11;144.997;145.665;144.489;144.809;48846092.966023
2021-08-12;145.137;147.969;144.789;147.809;74315612.208366
2021-08-13;147.889;148.368;147.191;148.018;59806766.701072
2021-08-16;147.46;150.102;145.417;150.032;104311830.86536
2021-08-17;149.145;150.59;148.008;149.106;92900401.409876
2021-08-18;148.716;149.634;145.097;145.307;86953726.938365
2021-08-19;143.991;146.922;143.462;145.645;87592659.894206
2021-08-20;146.373;147.42;145.725;147.111;60989928.623747
2021-08-23;147.231;149.106;146.812;148.626;60569070.82104
2021-08-24;148.368;149.774;148.068;148.537;48959878.982303
2021-08-25;148.726;149.234;146.723;147.281;59420264.371246
2021-08-26;147.291;148.038;146.443;146.463;48950579.70377
2021-08-27;146.413;147.67;145.775;147.52;56208166.579316
2021-08-30;147.919;152.385;147.53;152.026;91618133.110802
2021-08-31;151.568;151.707;150.202;150.74;87081778.334789
2021-09-01;151.737;153.851;151.249;151.418;80897729.020975
2021-09-02;152.754;153.591;151.308;152.545;71688853.396291
2021-09-03;152.655;153.501;151.997;153.183;58286851.733087
2021-09-07;153.841;156.124;153.273;155.556;82876563.535088
2021-09-08;155.844;155.904;152.853;153.981;74961368.914814
2021-09-09;154.359;154.977;152.833;152.953;57722440.392897
2021-09-10;153.871;154.349;147.62;147.889;141917769.21214
2021-09-13;149.544;150.332;147.67;148.467;103148982.71563
2021-09-14;149.264;149.982;145.855;147.041;110091064.15854
2021-09-15;147.48;148.358;145.317;147.949;83886911.942487
2021-09-16;147.361;147.889;146.155;147.709;68528873.090433
2021-09-17;147.739;147.739;144.709;145.007;130813191.87509
2021-09-20;142.764;143.801;140.242;141.908;124376764.09387
2021-09-21;142.894;143.562;141.748;142.396;76385404.318939
2021-09-22;143.412;145.377;142.665;144.799;76959931.420537
2021-09-23;145.595;146.015;144.589;145.775;65309654.645034
2021-09-24;144.609;146.403;144.519;145.865;53866744.45858
2021-09-27;144.429;144.908;142.784;144.33;74689931.490292
2021-09-28;142.216;143.712;140.661;140.88;109764753.86902
2021-09-29;141.438;143.412;141;141.798;75144527.889999
2021-09-30;142.625;143.343;140.252;140.472;89704257.1316
2021-10-01;140.87;141.888;138.109;141.618;95327771.894302
2021-10-04;140.731;141.18;137.271;138.139;99036976.35706
2021-10-05;138.487;141.21;138.357;140.083;81449059.583323
2021-10-06;138.467;141.12;137.371;140.97;83826277.557047
2021-10-07;142.026;143.173;141.688;142.256;62181557.293279
2021-10-08;142.994;143.144;141.528;141.868;59200535.188308
2021-10-11;141.239;143.772;140.78;141.778;64920896.455277
2021-10-12;142.196;142.216;140.013;140.482;73566953.583509
2021-10-13;140.212;140.372;138.199;139.883;79335460.257702
2021-10-14;141.08;142.844;140.482;142.724;70415444.036708
2021-10-15;142.734;143.851;142.476;143.801;68434376.732819
2021-10-18;142.416;145.785;142.126;145.497;86211555.039243
2021-10-19;145.935;148.088;145.497;147.68;76934297.469268
2021-10-20;147.62;148.676;147.041;148.178;58843591.74524
2021-10-21;147.729;148.557;146.792;148.398;61867625.646439
2021-10-22;148.606;149.096;147.56;147.61;59311626.008663
2021-10-25;147.6;148.288;146.553;147.56;51089380.666018
2021-10-26;148.248;149.754;147.929;148.238;61336193.594237
2021-10-27;148.278;148.646;147.41;147.769;56502834.646795
2021-10-28;148.736;152.066;148.636;151.478;100805624.70798
2021-10-29;146.145;148.856;145.357;148.716;125861790.96931
2021-11-01;147.909;148.616;146.723;147.879;75130641.662835
2021-11-02;147.58;150.481;147.57;148.936;69624621.193055
2021-11-03;149.304;150.88;148.736;150.402;54907925.626508
2021-11-04;150.491;151.338;149.554;149.872;60833787.809128
2021-11-05;151.019;151.328;149.195;150.411;65843820.009069
2021-11-08;150.541;150.7;149.294;149.574;55340196.13455
2021-11-09;149.334;150.561;149.195;149.942;57117513.848462
2021-11-10;149.155;149.264;146.991;147.061;65565422.419112
2021-11-11;148.098;148.567;146.822;147.011;41237903.930861
2021-11-12;147.57;149.534;146.623;149.126;64174311.135213
2021-11-15;149.504;151.009;148.567;149.135;59566518.119906
2021-11-16;149.076;150.62;148.477;150.132;59600118.295976
2021-11-17;150.122;154.1;150.122;152.605;89322414.973069
2021-11-18;152.814;157.759;152.176;156.962;138627591.98546
2021-11-19;156.742;160.091;155.625;159.623;117986411.42423
2021-11-22;160.739;164.748;160.071;160.091;118149644.80692
2021-11-23;160.181;160.859;158.148;160.471;96599304.546935
2021-11-24;159.823;161.199;158.726;160.999;69866773.563528
2021-11-26;158.646;159.523;155.456;155.904;77406408.128761
2021-11-29;158.457;160.251;157.878;159.324;89263290.178202
2021-11-30;159.065;164.568;159.005;164.348;175058190.19513
2021-12-01;166.512;169.313;163.581;163.82;153307630.07888
2021-12-02;157.818;163.252;156.892;162.813;137532775.71649
2021-12-03;163.072;164.01;158.806;160.899;118708094.01664
2021-12-06;163.342;166.911;163.332;164.368;108120869.91897
2021-12-07;168.097;170.59;167.369;170.191;121104156.29473
2021-12-08;171.138;174.947;169.712;174.069;117677934.36445
2021-12-09;173.9;175.733;172.922;173.551;109555906.77784
2021-12-10;174.189;178.596;173.68;178.416;116072501.34132
2021-12-13;180.06;181.078;174.518;174.727;154126370.81914
2021-12-14;174.239;176.711;171.218;173.321;140189313.08331
2021-12-15;174.099;178.466;171.318;178.266;131823917.42937
2021-12-16;178.246;180.09;169.762;171.268;151057486.53067
2021-12-17;168.945;172.474;168.705;170.151;197060534.97306
2021-12-20;167.309;169.593;166.492;168.765;108123013.43728
2021-12-21;170.57;172.204;168.137;171.996;91715127.06345
2021-12-22;172.046;174.847;171.158;174.627;92670033.876368
2021-12-23;174.837;175.823;174.259;175.265;68753292.536172
2021-12-27;176.063;179.382;176.043;179.294;75354398.092382
2021-12-28;179.124;180.28;177.499;178.256;79603673.878836
2021-12-29;178.296;179.592;177.11;178.346;62710789.656362
2021-12-30;178.436;179.532;177.06;177.169;60119922.990096
2021-12-31;177.06;178.196;176.233;176.541;64434063.024741
2022-01-03;176.801;181.825;176.681;180.958;105308881.83607
2022-01-04;181.576;181.885;178.087;178.665;99886812.657007
2022-01-05;178.576;179.134;173.63;173.91;95086276.52172
2022-01-06;181.576;181.885;178.087;178.665;99886812.657007